{
  "accuracy": 0.7540493879847142,
  "macro_f1": 0.6400880838719871,
  "weighted_f1": 0.7869323522717991,
  "per_class_precision": {
    "Backdoor/Analysis": 0.2791044776119403,
    "DoS": 0.7032967032967034,
    "Exploits": 0.829136915946386,
    "Fuzzing": 0.7089054531188701,
    "Generic": 0.9122057904603208,
    "Normal": 0.9617782039865744,
    "Reconnaissance": 0.5592641261498029,
    "Shellcode/Worms": 0.0785413744740533
  },
  "per_class_recall": {
    "Backdoor/Analysis": 0.9095330739299611,
    "DoS": 0.7630693977376949,
    "Exploits": 0.7488403665573029,
    "Fuzzing": 0.7443872296601441,
    "Generic": 0.7429177268871925,
    "Normal": 0.7555424020662936,
    "Reconnaissance": 0.7471910112359551,
    "Shellcode/Worms": 0.8333333333333334
  }
}