{
  "accuracy": 0.7466198521852146,
  "macro_f1": 0.5308393187411165,
  "weighted_f1": 0.7840777850131411,
  "per_class_precision": {
    "Analysis": 0.19974554707379136,
    "Backdoor": 0.1687289088863892,
    "DoS": 0.7032967032967034,
    "Exploits": 0.829136915946386,
    "Fuzzers": 0.7089054531188701,
    "Generic": 0.9122057904603208,
    "Normal": 0.9617782039865744,
    "Reconnaissance": 0.5592641261498029,
    "Shellcode": 0.09444985394352483,
    "Worms": 0.01588352084712111
  },
  "per_class_recall": {
    "Analysis": 0.6003824091778203,
    "Backdoor": 0.594059405940594,
    "DoS": 0.7630693977376949,
    "Exploits": 0.7488403665573029,
    "Fuzzers": 0.7443872296601441,
    "Generic": 0.7429177268871925,
    "Normal": 0.7555424020662936,
    "Reconnaissance": 0.7471910112359551,
    "Shellcode": 0.6445182724252492,
    "Worms": 0.6857142857142857
  }
}