{
  "accuracy": 0.6838470640724719,
  "macro_f1": 0.563763556603698,
  "weighted_f1": 0.7257419172741995,
  "per_class_precision": {
    "Backdoor/Analysis": 0.14299109235818097,
    "DoS": 0.5736629667003027,
    "Exploits": 0.8020572332849796,
    "Fuzzing": 0.6670022146164687,
    "Generic": 0.8523489932885906,
    "Normal": 0.9199168339546888,
    "Reconnaissance": 0.5279284164859002,
    "Shellcode/Worms": 0.052027748132337244
  },
  "per_class_recall": {
    "Backdoor/Analysis": 0.5933852140077821,
    "DoS": 0.6952002445735249,
    "Exploits": 0.6880868876569748,
    "Fuzzing": 0.682389289392379,
    "Generic": 0.6786259541984733,
    "Normal": 0.6904326302195437,
    "Reconnaissance": 0.6836376404494382,
    "Shellcode/Worms": 0.5803571428571429
  }
}