{
  "accuracy": 0.6825473802642044,
  "macro_f1": 0.4767471450201253,
  "weighted_f1": 0.7256146461638397,
  "per_class_precision": {
    "Analysis": 0.1332720588235294,
    "Backdoor": 0.130622009569378,
    "DoS": 0.5736629667003027,
    "Exploits": 0.8020572332849796,
    "Fuzzers": 0.6670022146164687,
    "Generic": 0.8523489932885906,
    "Normal": 0.9199168339546888,
    "Reconnaissance": 0.5279284164859002,
    "Shellcode": 0.08299180327868852,
    "Worms": 0.007238307349665924
  },
  "per_class_recall": {
    "Analysis": 0.5544933078393881,
    "Backdoor": 0.5405940594059406,
    "DoS": 0.6952002445735249,
    "Exploits": 0.6880868876569748,
    "Fuzzers": 0.682389289392379,
    "Generic": 0.6786259541984733,
    "Normal": 0.6904326302195437,
    "Reconnaissance": 0.6836376404494382,
    "Shellcode": 0.5382059800664452,
    "Worms": 0.37142857142857144
  }
}