{
  "accuracy": 0.7211344368187323,
  "macro_f1": 0.5987519723582627,
  "weighted_f1": 0.7650701750960911,
  "per_class_precision": {
    "DoS": 0.8487255875537901,
    "Normal": 0.9606804964846801,
    "Privilege/Access": 0.14313513513513512,
    "Probe": 0.44584717607973423
  },
  "per_class_recall": {
    "DoS": 0.7176712073147975,
    "Normal": 0.7167001230330894,
    "Privilege/Access": 0.8586251621271076,
    "Probe": 0.7209885386819485
  }
}