{
  "accuracy": 0.7132283676490379,
  "macro_f1": 0.48594571631268224,
  "weighted_f1": 0.7652762705034382,
  "per_class_precision": {
    "DoS": 0.8487255875537901,
    "Normal": 0.9606804964846801,
    "Probe": 0.44584717607973423,
    "R2L": 0.17310140008485364,
    "U2R": 0.00837742504409171
  },
  "per_class_recall": {
    "DoS": 0.7176712073147975,
    "Normal": 0.7167001230330894,
    "Probe": 0.7209885386819485,
    "R2L": 0.5520974289580515,
    "U2R": 0.59375
  }
}