{
  "accuracy": 0.6765339178677426,
  "macro_f1": 0.5561837006985082,
  "weighted_f1": 0.7188133709027624,
  "per_class_precision": {
    "Backdoor/Analysis": 0.13980063214198882,
    "DoS": 0.5494171312721744,
    "Exploits": 0.8007760235483008,
    "Fuzzing": 0.6613029827315542,
    "Generic": 0.8486646884272997,
    "Normal": 0.9085944236849669,
    "Reconnaissance": 0.5303401360544218,
    "Shellcode/Worms": 0.04544287548138639
  },
  "per_class_recall": {
    "Backdoor/Analysis": 0.5593385214007782,
    "DoS": 0.6627942525221645,
    "Exploits": 0.6771127955651092,
    "Fuzzing": 0.694129763130793,
    "Generic": 0.6792196776929601,
    "Normal": 0.6803702109341369,
    "Reconnaissance": 0.6843398876404494,
    "Shellcode/Worms": 0.5267857142857143
  }
}