{
  "accuracy": 0.6750208531357297,
  "macro_f1": 0.4681886851934303,
  "weighted_f1": 0.7185544416406803,
  "per_class_precision": {
    "Analysis": 0.129126213592233,
    "Backdoor": 0.1251826595226498,
    "DoS": 0.5494171312721744,
    "Exploits": 0.8007760235483008,
    "Fuzzers": 0.6613029827315542,
    "Generic": 0.8486646884272997,
    "Normal": 0.9085944236849669,
    "Reconnaissance": 0.5303401360544218,
    "Shellcode": 0.06666666666666667,
    "Worms": 0.008556149732620321
  },
  "per_class_recall": {
    "Analysis": 0.5086042065009561,
    "Backdoor": 0.5089108910891089,
    "DoS": 0.6627942525221645,
    "Exploits": 0.6771127955651092,
    "Fuzzers": 0.694129763130793,
    "Generic": 0.6792196776929601,
    "Normal": 0.6803702109341369,
    "Reconnaissance": 0.6843398876404494,
    "Shellcode": 0.4485049833887043,
    "Worms": 0.45714285714285713
  }
}