{
  "accuracy": 0.754979141434531,
  "macro_f1": 0.6330922024864736,
  "weighted_f1": 0.7928847233332839,
  "per_class_precision": {
    "DoS": 0.8743614824475601,
    "Normal": 0.9642203361624231,
    "Privilege/Access": 0.16998361039569188,
    "Probe": 0.49173358526216343
  },
  "per_class_recall": {
    "DoS": 0.7506064564284382,
    "Normal": 0.7503723369811565,
    "Privilege/Access": 0.9416342412451362,
    "Probe": 0.745702005730659
  }
}