{
  "accuracy": 0.7462656439241018,
  "macro_f1": 0.5117397759921478,
  "weighted_f1": 0.7929007499158739,
  "per_class_precision": {
    "DoS": 0.8743614824475601,
    "Normal": 0.9642203361624231,
    "Probe": 0.49173358526216343,
    "R2L": 0.19903339191564148,
    "U2R": 0.007017543859649123
  },
  "per_class_recall": {
    "DoS": 0.7506064564284382,
    "Normal": 0.7503723369811565,
    "Probe": 0.745702005730659,
    "R2L": 0.6129905277401895,
    "U2R": 0.4375
  }
}