{
  "accuracy": 0.6883663033239134,
  "macro_f1": 0.5686147195623965,
  "weighted_f1": 0.7350793716924675,
  "per_class_precision": {
    "DoS": 0.8270366655522122,
    "Normal": 0.9071141169420426,
    "Privilege/Access": 0.10263105041172926,
    "Probe": 0.47250061109753116
  },
  "per_class_recall": {
    "DoS": 0.6923866392983765,
    "Normal": 0.6861361134494594,
    "Privilege/Access": 0.6627756160830091,
    "Probe": 0.6923352435530086
  }
}