{
  "accuracy": 0.6855403041313417,
  "macro_f1": 0.4700471543861748,
  "weighted_f1": 0.7363588709859071,
  "per_class_precision": {
    "DoS": 0.8270366655522122,
    "Normal": 0.9071141169420426,
    "Probe": 0.47250061109753116,
    "R2L": 0.1502954209748892,
    "U2R": 0.008806693086745927
  },
  "per_class_recall": {
    "DoS": 0.6923866392983765,
    "Normal": 0.6861361134494594,
    "Probe": 0.6923352435530086,
    "R2L": 0.550744248985115,
    "U2R": 0.625
  }
}