{
  "accuracy": 0.7206843708172489,
  "macro_f1": 0.604781026730858,
  "weighted_f1": 0.7596323637448926,
  "per_class_precision": {
    "Backdoor/Analysis": 0.23209015293801985,
    "DoS": 0.6513031550068588,
    "Exploits": 0.8115793518637121,
    "Fuzzing": 0.6709829311359623,
    "Generic": 0.908015348539757,
    "Normal": 0.9543473601486032,
    "Reconnaissance": 0.5176889793840672,
    "Shellcode/Worms": 0.062011595664229896
  },
  "per_class_recall": {
    "Backdoor/Analysis": 0.8414396887159533,
    "DoS": 0.7257719351880159,
    "Exploits": 0.7168231700418599,
    "Fuzzing": 0.7044284243048403,
    "Generic": 0.7225614927905004,
    "Normal": 0.7187903572965992,
    "Reconnaissance": 0.714185393258427,
    "Shellcode/Worms": 0.7321428571428571
  }
}