{
  "accuracy": 0.7143023413706815,
  "macro_f1": 0.5012003701079835,
  "weighted_f1": 0.757378748091299,
  "per_class_precision": {
    "Analysis": 0.16825775656324582,
    "Backdoor": 0.15114578254509994,
    "DoS": 0.6513031550068588,
    "Exploits": 0.8115793518637121,
    "Fuzzers": 0.6709829311359623,
    "Generic": 0.908015348539757,
    "Normal": 0.9543473601486032,
    "Reconnaissance": 0.5176889793840672,
    "Shellcode": 0.07271171941830624,
    "Worms": 0.012277470841006752
  },
  "per_class_recall": {
    "Analysis": 0.5391969407265774,
    "Backdoor": 0.6138613861386139,
    "DoS": 0.7257719351880159,
    "Exploits": 0.7168231700418599,
    "Fuzzers": 0.7044284243048403,
    "Generic": 0.7225614927905004,
    "Normal": 0.7187903572965992,
    "Reconnaissance": 0.714185393258427,
    "Shellcode": 0.5647840531561462,
    "Worms": 0.5714285714285714
  }
}