{
  "accuracy": 0.6786435203875656,
  "macro_f1": 0.5596165371776964,
  "weighted_f1": 0.7266138774228733,
  "per_class_precision": {
    "DoS": 0.8236880548376222,
    "Normal": 0.8980223559759243,
    "Privilege/Access": 0.09572582233602521,
    "Probe": 0.4643030597377368
  },
  "per_class_recall": {
    "DoS": 0.6838962493002426,
    "Normal": 0.6762934662954089,
    "Privilege/Access": 0.6303501945525292,
    "Probe": 0.6848137535816619
  }
}