{
  "accuracy": 0.6755820212622796,
  "macro_f1": 0.4619598042997928,
  "weighted_f1": 0.7278611888095369,
  "per_class_precision": {
    "DoS": 0.8236880548376222,
    "Normal": 0.8980223559759243,
    "Probe": 0.4643030597377368,
    "R2L": 0.14264093832765795,
    "U2R": 0.007395234182415777
  },
  "per_class_recall": {
    "DoS": 0.6838962493002426,
    "Normal": 0.6762934662954089,
    "Probe": 0.6848137535816619,
    "R2L": 0.510148849797023,
    "U2R": 0.5625
  }
}