dataset,algorithm,run_id,source,fine_accuracy,fine_macro_f1,family_accuracy,family_macro_f1,family_fine_accuracy_gap,family_fine_macro_f1_gap
NSLKDD,FIDSUS,0,simulated,0.7462656439241018,0.5117397759921478,0.754979141434531,0.6330922024864736,0.008713497510429269,0.12135242649432576
NSLKDD,FedAvg,0,simulated,0.6755820212622796,0.4619598042997928,0.6786435203875656,0.5596165371776964,0.0030614991252859713,0.09765673287790366
NSLKDD,FedProx,0,simulated,0.6855403041313417,0.4700471543861748,0.6883663033239134,0.5686147195623965,0.0028259991925716488,0.09856756517622173
NSLKDD,FedProto,0,simulated,0.7132283676490379,0.48594571631268224,0.7211344368187323,0.5987519723582627,0.007906069169694496,0.11280625604558048
UNSW,FIDSUS,0,simulated,0.7466198521852146,0.5308393187411165,0.7540493879847142,0.6400880838719871,0.007429535799499565,0.10924876513087067
UNSW,FedAvg,0,simulated,0.6750208531357297,0.4681886851934303,0.6765339178677426,0.5561837006985082,0.0015130647320129587,0.08799501550507788
UNSW,FedProx,0,simulated,0.6825473802642044,0.4767471450201253,0.6838470640724719,0.563763556603698,0.0012996838082675044,0.08701641158357276
UNSW,FedProto,0,simulated,0.7143023413706815,0.5012003701079835,0.7206843708172489,0.604781026730858,0.0063820294465674055,0.10358065662287452
